"atlasId","cohortId","cohortName","sql","json","logicDescription","generateStats"
135,135,"[OHDSI PhenotypePhebruary] STEMI - def.4 diagSTEMI (with inclusion and exclusion criteria) v1","CREATE TABLE #Codesets (
  codeset_id int NOT NULL,
  concept_id bigint NOT NULL
)
;

INSERT INTO #Codesets (codeset_id, concept_id)
SELECT 46 as codeset_id, c.concept_id FROM (select distinct I.concept_id FROM
( 
  select concept_id from @vocabulary_database_schema.CONCEPT where concept_id in (43533223,43533242,43533187,4184832,4283892,43528003,45770937,4216130,2001500,4131681,2001504,43533186,43533354,45767945,4337739,45758194,2001501)
UNION  select c.concept_id
  from @vocabulary_database_schema.CONCEPT c
  join @vocabulary_database_schema.CONCEPT_ANCESTOR ca on c.concept_id = ca.descendant_concept_id
  and ca.ancestor_concept_id in (43533223,43533242,43533187,4184832,4283892,43528003,45770937,4216130,2001500,4131681,2001504,43533186,43533354,45767945,4337739,45758194,2001501)
  and c.invalid_reason is null

) I
) C UNION ALL 
SELECT 47 as codeset_id, c.concept_id FROM (select distinct I.concept_id FROM
( 
  select concept_id from @vocabulary_database_schema.CONCEPT where concept_id in (262,9201,8717,8920,38004311)
UNION  select c.concept_id
  from @vocabulary_database_schema.CONCEPT c
  join @vocabulary_database_schema.CONCEPT_ANCESTOR ca on c.concept_id = ca.descendant_concept_id
  and ca.ancestor_concept_id in (262,9201,8717,8920,38004311)
  and c.invalid_reason is null

) I
LEFT JOIN
(
  select concept_id from @vocabulary_database_schema.CONCEPT where concept_id in (4203130,8971)
UNION  select c.concept_id
  from @vocabulary_database_schema.CONCEPT c
  join @vocabulary_database_schema.CONCEPT_ANCESTOR ca on c.concept_id = ca.descendant_concept_id
  and ca.ancestor_concept_id in (4203130,8971)
  and c.invalid_reason is null

) E ON I.concept_id = E.concept_id
WHERE E.concept_id is null
) C UNION ALL 
SELECT 48 as codeset_id, c.concept_id FROM (select distinct I.concept_id FROM
( 
  select concept_id from @vocabulary_database_schema.CONCEPT where concept_id in (4059699,759555,709890,4292071,710016,4230911,2313880,2313879,4060628,4305721,2313881,4252226,45773079,42628042,4222104)
UNION  select c.concept_id
  from @vocabulary_database_schema.CONCEPT c
  join @vocabulary_database_schema.CONCEPT_ANCESTOR ca on c.concept_id = ca.descendant_concept_id
  and ca.ancestor_concept_id in (4059699,759555,709890,4292071,710016,4230911,2313880,2313879,4060628,4305721,2313881,4252226,45773079,42628042,4222104)
  and c.invalid_reason is null

) I
LEFT JOIN
(
  select concept_id from @vocabulary_database_schema.CONCEPT where concept_id in (759555,45773079)
UNION  select c.concept_id
  from @vocabulary_database_schema.CONCEPT c
  join @vocabulary_database_schema.CONCEPT_ANCESTOR ca on c.concept_id = ca.descendant_concept_id
  and ca.ancestor_concept_id in (759555,45773079)
  and c.invalid_reason is null

) E ON I.concept_id = E.concept_id
WHERE E.concept_id is null
) C UNION ALL 
SELECT 49 as codeset_id, c.concept_id FROM (select distinct I.concept_id FROM
( 
  select concept_id from @vocabulary_database_schema.CONCEPT where concept_id in (434376,436706,438438,4108217,4296653,438447,439693,438170)
UNION  select c.concept_id
  from @vocabulary_database_schema.CONCEPT c
  join @vocabulary_database_schema.CONCEPT_ANCESTOR ca on c.concept_id = ca.descendant_concept_id
  and ca.ancestor_concept_id in (434376,436706,438438,4108217,4296653,438447,439693,438170)
  and c.invalid_reason is null

) I
LEFT JOIN
(
  select concept_id from @vocabulary_database_schema.CONCEPT where concept_id in (45766241,4119944,4119945,4119946,4121466,2016377454,0,1569130)
UNION  select c.concept_id
  from @vocabulary_database_schema.CONCEPT c
  join @vocabulary_database_schema.CONCEPT_ANCESTOR ca on c.concept_id = ca.descendant_concept_id
  and ca.ancestor_concept_id in (45766241,4119944,4119945,4119946,4121466,2016377454,0,1569130)
  and c.invalid_reason is null

) E ON I.concept_id = E.concept_id
WHERE E.concept_id is null
) C UNION ALL 
SELECT 50 as codeset_id, c.concept_id FROM (select distinct I.concept_id FROM
( 
  select concept_id from @vocabulary_database_schema.CONCEPT where concept_id in (45766241,4270024,4200113,4145721,36712982)
UNION  select c.concept_id
  from @vocabulary_database_schema.CONCEPT c
  join @vocabulary_database_schema.CONCEPT_ANCESTOR ca on c.concept_id = ca.descendant_concept_id
  and ca.ancestor_concept_id in (45766241,4270024,4200113,4145721,36712982)
  and c.invalid_reason is null

) I
) C;

UPDATE STATISTICS #Codesets;


SELECT event_id, person_id, start_date, end_date, op_start_date, op_end_date, visit_occurrence_id
INTO #qualified_events
FROM 
(
  select pe.event_id, pe.person_id, pe.start_date, pe.end_date, pe.op_start_date, pe.op_end_date, row_number() over (partition by pe.person_id order by pe.start_date ASC) as ordinal, cast(pe.visit_occurrence_id as bigint) as visit_occurrence_id
  FROM (-- Begin Primary Events
select P.ordinal as event_id, P.person_id, P.start_date, P.end_date, op_start_date, op_end_date, cast(P.visit_occurrence_id as bigint) as visit_occurrence_id
FROM
(
  select E.person_id, E.start_date, E.end_date,
         row_number() OVER (PARTITION BY E.person_id ORDER BY E.sort_date ASC, E.event_id) ordinal,
         OP.observation_period_start_date as op_start_date, OP.observation_period_end_date as op_end_date, cast(E.visit_occurrence_id as bigint) as visit_occurrence_id
  FROM 
  (
  -- Begin Condition Occurrence Criteria
SELECT C.person_id, C.condition_occurrence_id as event_id, C.start_date, C.end_date,
  C.visit_occurrence_id, C.start_date as sort_date
FROM 
(
  SELECT co.person_id,co.condition_occurrence_id,co.condition_concept_id,co.visit_occurrence_id,co.condition_start_date as start_date, COALESCE(co.condition_end_date, DATEADD(day,1,co.condition_start_date)) as end_date , row_number() over (PARTITION BY co.person_id ORDER BY co.condition_start_date, co.condition_occurrence_id) as ordinal
  FROM @cdm_database_schema.CONDITION_OCCURRENCE co
  JOIN #Codesets cs on (co.condition_concept_id = cs.concept_id and cs.codeset_id = 49)
) C

WHERE C.start_date >= DATEFROMPARTS(2016, 1, 1)
AND C.ordinal = 1
-- End Condition Occurrence Criteria

  ) E
	JOIN @cdm_database_schema.observation_period OP on E.person_id = OP.person_id and E.start_date >=  OP.observation_period_start_date and E.start_date <= op.observation_period_end_date
  WHERE DATEADD(day,365,OP.OBSERVATION_PERIOD_START_DATE) <= E.START_DATE AND DATEADD(day,0,E.START_DATE) <= OP.OBSERVATION_PERIOD_END_DATE
) P
WHERE P.ordinal = 1
-- End Primary Events
) pe
  
) QE

;

--- Inclusion Rule Inserts

select 0 as inclusion_rule_id, person_id, event_id
INTO #Inclusion_0
FROM 
(
  select pe.person_id, pe.event_id
  FROM #qualified_events pe
  
JOIN (
-- Begin Criteria Group
select 0 as index_id, person_id, event_id
FROM
(
  select E.person_id, E.event_id 
  FROM #qualified_events E
  INNER JOIN
  (
    -- Begin Correlated Criteria
select 0 as index_id, p.person_id, p.event_id
from #qualified_events p
LEFT JOIN (
SELECT p.person_id, p.event_id 
FROM #qualified_events P
JOIN (
  -- Begin Condition Occurrence Criteria
SELECT C.person_id, C.condition_occurrence_id as event_id, C.start_date, C.end_date,
  C.visit_occurrence_id, C.start_date as sort_date
FROM 
(
  SELECT co.person_id,co.condition_occurrence_id,co.condition_concept_id,co.visit_occurrence_id,co.condition_start_date as start_date, COALESCE(co.condition_end_date, DATEADD(day,1,co.condition_start_date)) as end_date 
  FROM @cdm_database_schema.CONDITION_OCCURRENCE co
  JOIN #Codesets cs on (co.condition_concept_id = cs.concept_id and cs.codeset_id = 50)
) C


-- End Condition Occurrence Criteria

) A on A.person_id = P.person_id  AND A.START_DATE >= P.OP_START_DATE AND A.START_DATE <= P.OP_END_DATE AND A.START_DATE >= DATEADD(day,0,P.START_DATE) AND A.START_DATE <= DATEADD(day,0,P.START_DATE) ) cc on p.person_id = cc.person_id and p.event_id = cc.event_id
GROUP BY p.person_id, p.event_id
HAVING COUNT(cc.event_id) = 0
-- End Correlated Criteria

  ) CQ on E.person_id = CQ.person_id and E.event_id = CQ.event_id
  GROUP BY E.person_id, E.event_id
  HAVING COUNT(index_id) = 1
) G
-- End Criteria Group
) AC on AC.person_id = pe.person_id AND AC.event_id = pe.event_id
) Results
;

select 1 as inclusion_rule_id, person_id, event_id
INTO #Inclusion_1
FROM 
(
  select pe.person_id, pe.event_id
  FROM #qualified_events pe
  
JOIN (
-- Begin Criteria Group
select 0 as index_id, person_id, event_id
FROM
(
  select E.person_id, E.event_id 
  FROM #qualified_events E
  INNER JOIN
  (
    -- Begin Demographic Criteria
SELECT 0 as index_id, e.person_id, e.event_id
FROM #qualified_events E
JOIN @cdm_database_schema.PERSON P ON P.PERSON_ID = E.PERSON_ID
WHERE YEAR(E.start_date) - P.year_of_birth >= 18
GROUP BY e.person_id, e.event_id
-- End Demographic Criteria

  ) CQ on E.person_id = CQ.person_id and E.event_id = CQ.event_id
  GROUP BY E.person_id, E.event_id
  HAVING COUNT(index_id) = 1
) G
-- End Criteria Group
) AC on AC.person_id = pe.person_id AND AC.event_id = pe.event_id
) Results
;

select 2 as inclusion_rule_id, person_id, event_id
INTO #Inclusion_2
FROM 
(
  select pe.person_id, pe.event_id
  FROM #qualified_events pe
  
JOIN (
-- Begin Criteria Group
select 0 as index_id, person_id, event_id
FROM
(
  select E.person_id, E.event_id 
  FROM #qualified_events E
  INNER JOIN
  (
    -- Begin Correlated Criteria
select 0 as index_id, cc.person_id, cc.event_id
from (SELECT p.person_id, p.event_id 
FROM #qualified_events P
JOIN (
  -- Begin Visit Occurrence Criteria
select C.person_id, C.visit_occurrence_id as event_id, C.start_date, C.end_date,
       C.visit_occurrence_id, C.start_date as sort_date
from 
(
  select vo.person_id,vo.visit_occurrence_id,vo.visit_concept_id,vo.visit_start_date as start_date, vo.visit_end_date as end_date 
  FROM @cdm_database_schema.VISIT_OCCURRENCE vo
JOIN #Codesets cs on (vo.visit_concept_id = cs.concept_id and cs.codeset_id = 47)
) C


-- End Visit Occurrence Criteria

) A on A.person_id = P.person_id  AND A.START_DATE >= P.OP_START_DATE AND A.START_DATE <= P.OP_END_DATE AND A.START_DATE >= DATEADD(day,0,P.START_DATE) AND A.START_DATE <= DATEADD(day,0,P.START_DATE) ) cc 
GROUP BY cc.person_id, cc.event_id
HAVING COUNT(cc.event_id) >= 1
-- End Correlated Criteria

  ) CQ on E.person_id = CQ.person_id and E.event_id = CQ.event_id
  GROUP BY E.person_id, E.event_id
  HAVING COUNT(index_id) = 1
) G
-- End Criteria Group
) AC on AC.person_id = pe.person_id AND AC.event_id = pe.event_id
) Results
;

select 3 as inclusion_rule_id, person_id, event_id
INTO #Inclusion_3
FROM 
(
  select pe.person_id, pe.event_id
  FROM #qualified_events pe
  
JOIN (
-- Begin Criteria Group
select 0 as index_id, person_id, event_id
FROM
(
  select E.person_id, E.event_id 
  FROM #qualified_events E
  INNER JOIN
  (
    -- Begin Correlated Criteria
select 0 as index_id, cc.person_id, cc.event_id
from (SELECT p.person_id, p.event_id 
FROM #qualified_events P
JOIN (
  -- Begin Procedure Occurrence Criteria
select C.person_id, C.procedure_occurrence_id as event_id, C.start_date, C.end_date,
       C.visit_occurrence_id, C.start_date as sort_date
from 
(
  select po.person_id,po.procedure_occurrence_id,po.procedure_concept_id,po.visit_occurrence_id,po.quantity,po.procedure_date as start_date, DATEADD(day,1,po.procedure_date) as end_date 
  FROM @cdm_database_schema.PROCEDURE_OCCURRENCE po
JOIN #Codesets cs on (po.procedure_concept_id = cs.concept_id and cs.codeset_id = 48)
) C


-- End Procedure Occurrence Criteria

) A on A.person_id = P.person_id  AND A.START_DATE >= P.OP_START_DATE AND A.START_DATE <= P.OP_END_DATE AND A.START_DATE >= DATEADD(day,0,P.START_DATE) AND A.START_DATE <= DATEADD(day,3,P.START_DATE) ) cc 
GROUP BY cc.person_id, cc.event_id
HAVING COUNT(cc.event_id) >= 1
-- End Correlated Criteria

UNION ALL
-- Begin Correlated Criteria
select 1 as index_id, cc.person_id, cc.event_id
from (SELECT p.person_id, p.event_id 
FROM #qualified_events P
JOIN (
  -- Begin Observation Criteria
select C.person_id, C.observation_id as event_id, C.start_date, C.END_DATE,
       C.visit_occurrence_id, C.start_date as sort_date
from 
(
  select o.person_id,o.observation_id,o.observation_concept_id,o.visit_occurrence_id,o.value_as_number,o.observation_date as start_date, DATEADD(day,1,o.observation_date) as end_date 
  FROM @cdm_database_schema.OBSERVATION o
JOIN #Codesets cs on (o.observation_concept_id = cs.concept_id and cs.codeset_id = 48)
) C


-- End Observation Criteria

) A on A.person_id = P.person_id  AND A.START_DATE >= P.OP_START_DATE AND A.START_DATE <= P.OP_END_DATE AND A.START_DATE >= DATEADD(day,0,P.START_DATE) AND A.START_DATE <= DATEADD(day,3,P.START_DATE) ) cc 
GROUP BY cc.person_id, cc.event_id
HAVING COUNT(cc.event_id) >= 1
-- End Correlated Criteria

UNION ALL
-- Begin Correlated Criteria
select 2 as index_id, cc.person_id, cc.event_id
from (SELECT p.person_id, p.event_id 
FROM #qualified_events P
JOIN (
  -- Begin Condition Occurrence Criteria
SELECT C.person_id, C.condition_occurrence_id as event_id, C.start_date, C.end_date,
  C.visit_occurrence_id, C.start_date as sort_date
FROM 
(
  SELECT co.person_id,co.condition_occurrence_id,co.condition_concept_id,co.visit_occurrence_id,co.condition_start_date as start_date, COALESCE(co.condition_end_date, DATEADD(day,1,co.condition_start_date)) as end_date 
  FROM @cdm_database_schema.CONDITION_OCCURRENCE co
  JOIN #Codesets cs on (co.condition_concept_id = cs.concept_id and cs.codeset_id = 48)
) C


-- End Condition Occurrence Criteria

) A on A.person_id = P.person_id  AND A.START_DATE >= P.OP_START_DATE AND A.START_DATE <= P.OP_END_DATE AND A.START_DATE >= DATEADD(day,0,P.START_DATE) AND A.START_DATE <= DATEADD(day,3,P.START_DATE) ) cc 
GROUP BY cc.person_id, cc.event_id
HAVING COUNT(cc.event_id) >= 1
-- End Correlated Criteria

  ) CQ on E.person_id = CQ.person_id and E.event_id = CQ.event_id
  GROUP BY E.person_id, E.event_id
  HAVING COUNT(index_id) > 0
) G
-- End Criteria Group
) AC on AC.person_id = pe.person_id AND AC.event_id = pe.event_id
) Results
;

select 4 as inclusion_rule_id, person_id, event_id
INTO #Inclusion_4
FROM 
(
  select pe.person_id, pe.event_id
  FROM #qualified_events pe
  
JOIN (
-- Begin Criteria Group
select 0 as index_id, person_id, event_id
FROM
(
  select E.person_id, E.event_id 
  FROM #qualified_events E
  INNER JOIN
  (
    -- Begin Correlated Criteria
select 0 as index_id, cc.person_id, cc.event_id
from (SELECT p.person_id, p.event_id 
FROM #qualified_events P
JOIN (
  -- Begin Procedure Occurrence Criteria
select C.person_id, C.procedure_occurrence_id as event_id, C.start_date, C.end_date,
       C.visit_occurrence_id, C.start_date as sort_date
from 
(
  select po.person_id,po.procedure_occurrence_id,po.procedure_concept_id,po.visit_occurrence_id,po.quantity,po.procedure_date as start_date, DATEADD(day,1,po.procedure_date) as end_date 
  FROM @cdm_database_schema.PROCEDURE_OCCURRENCE po
JOIN #Codesets cs on (po.procedure_concept_id = cs.concept_id and cs.codeset_id = 46)
) C


-- End Procedure Occurrence Criteria

) A on A.person_id = P.person_id  AND A.START_DATE >= P.OP_START_DATE AND A.START_DATE <= P.OP_END_DATE AND A.START_DATE >= DATEADD(day,0,P.START_DATE) AND A.START_DATE <= DATEADD(day,0,P.START_DATE) ) cc 
GROUP BY cc.person_id, cc.event_id
HAVING COUNT(cc.event_id) >= 1
-- End Correlated Criteria

UNION ALL
-- Begin Correlated Criteria
select 1 as index_id, cc.person_id, cc.event_id
from (SELECT p.person_id, p.event_id 
FROM #qualified_events P
JOIN (
  -- Begin Device Exposure Criteria
select C.person_id, C.device_exposure_id as event_id, C.start_date, C.end_date,
        C.visit_occurrence_id, C.start_date as sort_date
from 
(
  select de.person_id,de.device_exposure_id,de.device_concept_id,de.visit_occurrence_id,de.quantity,de.device_exposure_start_date as start_date, COALESCE(de.device_exposure_end_date, DATEADD(day,1,de.device_exposure_start_date)) as end_date 
  FROM @cdm_database_schema.DEVICE_EXPOSURE de
JOIN #Codesets cs on (de.device_concept_id = cs.concept_id and cs.codeset_id = 46)
) C


-- End Device Exposure Criteria

) A on A.person_id = P.person_id  AND A.START_DATE >= P.OP_START_DATE AND A.START_DATE <= P.OP_END_DATE AND A.START_DATE >= DATEADD(day,0,P.START_DATE) AND A.START_DATE <= DATEADD(day,0,P.START_DATE) ) cc 
GROUP BY cc.person_id, cc.event_id
HAVING COUNT(cc.event_id) >= 1
-- End Correlated Criteria

  ) CQ on E.person_id = CQ.person_id and E.event_id = CQ.event_id
  GROUP BY E.person_id, E.event_id
  HAVING COUNT(index_id) > 0
) G
-- End Criteria Group
) AC on AC.person_id = pe.person_id AND AC.event_id = pe.event_id
) Results
;

SELECT inclusion_rule_id, person_id, event_id
INTO #inclusion_events
FROM (select inclusion_rule_id, person_id, event_id from #Inclusion_0
UNION ALL
select inclusion_rule_id, person_id, event_id from #Inclusion_1
UNION ALL
select inclusion_rule_id, person_id, event_id from #Inclusion_2
UNION ALL
select inclusion_rule_id, person_id, event_id from #Inclusion_3
UNION ALL
select inclusion_rule_id, person_id, event_id from #Inclusion_4) I;
TRUNCATE TABLE #Inclusion_0;
DROP TABLE #Inclusion_0;

TRUNCATE TABLE #Inclusion_1;
DROP TABLE #Inclusion_1;

TRUNCATE TABLE #Inclusion_2;
DROP TABLE #Inclusion_2;

TRUNCATE TABLE #Inclusion_3;
DROP TABLE #Inclusion_3;

TRUNCATE TABLE #Inclusion_4;
DROP TABLE #Inclusion_4;


select event_id, person_id, start_date, end_date, op_start_date, op_end_date
into #included_events
FROM (
  SELECT event_id, person_id, start_date, end_date, op_start_date, op_end_date, row_number() over (partition by person_id order by start_date ASC) as ordinal
  from
  (
    select Q.event_id, Q.person_id, Q.start_date, Q.end_date, Q.op_start_date, Q.op_end_date, SUM(coalesce(POWER(cast(2 as bigint), I.inclusion_rule_id), 0)) as inclusion_rule_mask
    from #qualified_events Q
    LEFT JOIN #inclusion_events I on I.person_id = Q.person_id and I.event_id = Q.event_id
    GROUP BY Q.event_id, Q.person_id, Q.start_date, Q.end_date, Q.op_start_date, Q.op_end_date
  ) MG -- matching groups

  -- the matching group with all bits set ( POWER(2,# of inclusion rules) - 1 = inclusion_rule_mask
  WHERE (MG.inclusion_rule_mask = POWER(cast(2 as bigint),5)-1)

) Results
WHERE Results.ordinal = 1
;



-- generate cohort periods into #final_cohort
select person_id, start_date, end_date
INTO #cohort_rows
from ( -- first_ends
	select F.person_id, F.start_date, F.end_date
	FROM (
	  select I.event_id, I.person_id, I.start_date, CE.end_date, row_number() over (partition by I.person_id, I.event_id order by CE.end_date) as ordinal
	  from #included_events I
	  join ( -- cohort_ends
-- cohort exit dates
-- By default, cohort exit at the event's op end date
select event_id, person_id, op_end_date as end_date from #included_events
    ) CE on I.event_id = CE.event_id and I.person_id = CE.person_id and CE.end_date >= I.start_date
	) F
	WHERE F.ordinal = 1
) FE;

select person_id, min(start_date) as start_date, end_date
into #final_cohort
from ( --cteEnds
	SELECT
		 c.person_id
		, c.start_date
		, MIN(ed.end_date) AS end_date
	FROM #cohort_rows c
	JOIN ( -- cteEndDates
    SELECT
      person_id
      , DATEADD(day,-1 * 0, event_date)  as end_date
    FROM
    (
      SELECT
        person_id
        , event_date
        , event_type
        , SUM(event_type) OVER (PARTITION BY person_id ORDER BY event_date, event_type ROWS UNBOUNDED PRECEDING) AS interval_status
      FROM
      (
        SELECT
          person_id
          , start_date AS event_date
          , -1 AS event_type
        FROM #cohort_rows

        UNION ALL


        SELECT
          person_id
          , DATEADD(day,0,end_date) as end_date
          , 1 AS event_type
        FROM #cohort_rows
      ) RAWDATA
    ) e
    WHERE interval_status = 0
  ) ed ON c.person_id = ed.person_id AND ed.end_date >= c.start_date
	GROUP BY c.person_id, c.start_date
) e
group by person_id, end_date
;

DELETE FROM @target_database_schema.@target_cohort_table where cohort_definition_id = @target_cohort_id;
INSERT INTO @target_database_schema.@target_cohort_table (cohort_definition_id, subject_id, cohort_start_date, cohort_end_date)
select @target_cohort_id as cohort_definition_id, person_id, start_date, end_date 
FROM #final_cohort CO
;


-- BEGIN: Censored Stats

delete from @results_database_schema.cohort_censor_stats where cohort_definition_id = @target_cohort_id;

-- END: Censored Stats



-- Create a temp table of inclusion rule rows for joining in the inclusion rule impact analysis

select cast(rule_sequence as int) as rule_sequence
into #inclusion_rules
from (
  SELECT CAST(0 as int) as rule_sequence UNION ALL SELECT CAST(1 as int) as rule_sequence UNION ALL SELECT CAST(2 as int) as rule_sequence UNION ALL SELECT CAST(3 as int) as rule_sequence UNION ALL SELECT CAST(4 as int) as rule_sequence
) IR;


-- Find the event that is the 'best match' per person.  
-- the 'best match' is defined as the event that satisfies the most inclusion rules.
-- ties are solved by choosing the event that matches the earliest inclusion rule, and then earliest.

select q.person_id, q.event_id
into #best_events
from #qualified_events Q
join (
	SELECT R.person_id, R.event_id, ROW_NUMBER() OVER (PARTITION BY R.person_id ORDER BY R.rule_count DESC,R.min_rule_id ASC, R.start_date ASC) AS rank_value
	FROM (
		SELECT Q.person_id, Q.event_id, COALESCE(COUNT(DISTINCT I.inclusion_rule_id), 0) AS rule_count, COALESCE(MIN(I.inclusion_rule_id), 0) AS min_rule_id, Q.start_date
		FROM #qualified_events Q
		LEFT JOIN #inclusion_events I ON q.person_id = i.person_id AND q.event_id = i.event_id
		GROUP BY Q.person_id, Q.event_id, Q.start_date
	) R
) ranked on Q.person_id = ranked.person_id and Q.event_id = ranked.event_id
WHERE ranked.rank_value = 1
;

-- modes of generation: (the same tables store the results for the different modes, identified by the mode_id column)
-- 0: all events
-- 1: best event


-- BEGIN: Inclusion Impact Analysis - event
-- calculte matching group counts
delete from @results_database_schema.cohort_inclusion_result where cohort_definition_id = @target_cohort_id and mode_id = 0;
insert into @results_database_schema.cohort_inclusion_result (cohort_definition_id, inclusion_rule_mask, person_count, mode_id)
select @target_cohort_id as cohort_definition_id, inclusion_rule_mask, count_big(*) as person_count, 0 as mode_id
from
(
  select Q.person_id, Q.event_id, CAST(SUM(coalesce(POWER(cast(2 as bigint), I.inclusion_rule_id), 0)) AS bigint) as inclusion_rule_mask
  from #qualified_events Q
  LEFT JOIN #inclusion_events I on q.person_id = i.person_id and q.event_id = i.event_id
  GROUP BY Q.person_id, Q.event_id
) MG -- matching groups
group by inclusion_rule_mask
;

-- calculate gain counts 
delete from @results_database_schema.cohort_inclusion_stats where cohort_definition_id = @target_cohort_id and mode_id = 0;
insert into @results_database_schema.cohort_inclusion_stats (cohort_definition_id, rule_sequence, person_count, gain_count, person_total, mode_id)
select @target_cohort_id as cohort_definition_id, ir.rule_sequence, coalesce(T.person_count, 0) as person_count, coalesce(SR.person_count, 0) gain_count, EventTotal.total, 0 as mode_id
from #inclusion_rules ir
left join
(
  select i.inclusion_rule_id, count_big(i.event_id) as person_count
  from #qualified_events Q
  JOIN #inclusion_events i on Q.person_id = I.person_id and Q.event_id = i.event_id
  group by i.inclusion_rule_id
) T on ir.rule_sequence = T.inclusion_rule_id
CROSS JOIN (select count(*) as total_rules from #inclusion_rules) RuleTotal
CROSS JOIN (select count_big(event_id) as total from #qualified_events) EventTotal
LEFT JOIN @results_database_schema.cohort_inclusion_result SR on SR.mode_id = 0 AND SR.cohort_definition_id = @target_cohort_id AND (POWER(cast(2 as bigint),RuleTotal.total_rules) - POWER(cast(2 as bigint),ir.rule_sequence) - 1) = SR.inclusion_rule_mask -- POWER(2,rule count) - POWER(2,rule sequence) - 1 is the mask for 'all except this rule'
;

-- calculate totals
delete from @results_database_schema.cohort_summary_stats where cohort_definition_id = @target_cohort_id and mode_id = 0;
insert into @results_database_schema.cohort_summary_stats (cohort_definition_id, base_count, final_count, mode_id)
select @target_cohort_id as cohort_definition_id, PC.total as person_count, coalesce(FC.total, 0) as final_count, 0 as mode_id
FROM
(select count_big(event_id) as total from #qualified_events) PC,
(select sum(sr.person_count) as total
  from @results_database_schema.cohort_inclusion_result sr
  CROSS JOIN (select count(*) as total_rules from #inclusion_rules) RuleTotal
  where sr.mode_id = 0 and sr.cohort_definition_id = @target_cohort_id and sr.inclusion_rule_mask = POWER(cast(2 as bigint),RuleTotal.total_rules)-1
) FC
;

-- END: Inclusion Impact Analysis - event

-- BEGIN: Inclusion Impact Analysis - person
-- calculte matching group counts
delete from @results_database_schema.cohort_inclusion_result where cohort_definition_id = @target_cohort_id and mode_id = 1;
insert into @results_database_schema.cohort_inclusion_result (cohort_definition_id, inclusion_rule_mask, person_count, mode_id)
select @target_cohort_id as cohort_definition_id, inclusion_rule_mask, count_big(*) as person_count, 1 as mode_id
from
(
  select Q.person_id, Q.event_id, CAST(SUM(coalesce(POWER(cast(2 as bigint), I.inclusion_rule_id), 0)) AS bigint) as inclusion_rule_mask
  from #best_events Q
  LEFT JOIN #inclusion_events I on q.person_id = i.person_id and q.event_id = i.event_id
  GROUP BY Q.person_id, Q.event_id
) MG -- matching groups
group by inclusion_rule_mask
;

-- calculate gain counts 
delete from @results_database_schema.cohort_inclusion_stats where cohort_definition_id = @target_cohort_id and mode_id = 1;
insert into @results_database_schema.cohort_inclusion_stats (cohort_definition_id, rule_sequence, person_count, gain_count, person_total, mode_id)
select @target_cohort_id as cohort_definition_id, ir.rule_sequence, coalesce(T.person_count, 0) as person_count, coalesce(SR.person_count, 0) gain_count, EventTotal.total, 1 as mode_id
from #inclusion_rules ir
left join
(
  select i.inclusion_rule_id, count_big(i.event_id) as person_count
  from #best_events Q
  JOIN #inclusion_events i on Q.person_id = I.person_id and Q.event_id = i.event_id
  group by i.inclusion_rule_id
) T on ir.rule_sequence = T.inclusion_rule_id
CROSS JOIN (select count(*) as total_rules from #inclusion_rules) RuleTotal
CROSS JOIN (select count_big(event_id) as total from #best_events) EventTotal
LEFT JOIN @results_database_schema.cohort_inclusion_result SR on SR.mode_id = 1 AND SR.cohort_definition_id = @target_cohort_id AND (POWER(cast(2 as bigint),RuleTotal.total_rules) - POWER(cast(2 as bigint),ir.rule_sequence) - 1) = SR.inclusion_rule_mask -- POWER(2,rule count) - POWER(2,rule sequence) - 1 is the mask for 'all except this rule'
;

-- calculate totals
delete from @results_database_schema.cohort_summary_stats where cohort_definition_id = @target_cohort_id and mode_id = 1;
insert into @results_database_schema.cohort_summary_stats (cohort_definition_id, base_count, final_count, mode_id)
select @target_cohort_id as cohort_definition_id, PC.total as person_count, coalesce(FC.total, 0) as final_count, 1 as mode_id
FROM
(select count_big(event_id) as total from #best_events) PC,
(select sum(sr.person_count) as total
  from @results_database_schema.cohort_inclusion_result sr
  CROSS JOIN (select count(*) as total_rules from #inclusion_rules) RuleTotal
  where sr.mode_id = 1 and sr.cohort_definition_id = @target_cohort_id and sr.inclusion_rule_mask = POWER(cast(2 as bigint),RuleTotal.total_rules)-1
) FC
;

-- END: Inclusion Impact Analysis - person

TRUNCATE TABLE #best_events;
DROP TABLE #best_events;

TRUNCATE TABLE #inclusion_rules;
DROP TABLE #inclusion_rules;




TRUNCATE TABLE #cohort_rows;
DROP TABLE #cohort_rows;

TRUNCATE TABLE #final_cohort;
DROP TABLE #final_cohort;

TRUNCATE TABLE #inclusion_events;
DROP TABLE #inclusion_events;

TRUNCATE TABLE #qualified_events;
DROP TABLE #qualified_events;

TRUNCATE TABLE #included_events;
DROP TABLE #included_events;

TRUNCATE TABLE #Codesets;
DROP TABLE #Codesets;
","{
	""cdmVersionRange"" : "">=5.0.0"",
	""PrimaryCriteria"" : {
		""CriteriaList"" : [
			{
				""ConditionOccurrence"" : {
					""CodesetId"" : 49,
					""First"" : true,
					""OccurrenceStartDate"" : {
						""Value"" : ""2016-01-01"",
						""Op"" : ""gte""
					}
				}
			}
		],
		""ObservationWindow"" : {
			""PriorDays"" : 365,
			""PostDays"" : 0
		},
		""PrimaryCriteriaLimit"" : {
			""Type"" : ""First""
		}
	},
	""ConceptSets"" : [
		{
			""id"" : 46,
			""name"" : ""[OHDSI STEMI] PCI with or without stent"",
			""expression"" : {
				""items"" : [
					{
						""concept"" : {
							""CONCEPT_ID"" : 43533223,
							""CONCEPT_NAME"" : ""Percutaneous transluminal revascularization of or through coronary artery bypass graft (internal mammary, free arterial, venous), any combination of drug-eluting intracoronary stent, atherectomy and angioplasty, including distal protection when perform..."",
							""STANDARD_CONCEPT"" : ""S"",
							""STANDARD_CONCEPT_CAPTION"" : ""Standard"",
							""INVALID_REASON"" : ""V"",
							""INVALID_REASON_CAPTION"" : ""Valid"",
							""CONCEPT_CODE"" : ""C9605"",
							""DOMAIN_ID"" : ""Procedure"",
							""VOCABULARY_ID"" : ""HCPCS"",
							""CONCEPT_CLASS_ID"" : ""HCPCS""
						},
						""isExcluded"" : false,
						""includeDescendants"" : true,
						""includeMapped"" : false
					},
					{
						""concept"" : {
							""CONCEPT_ID"" : 43533242,
							""CONCEPT_NAME"" : ""Percutaneous transluminal revascularization of chronic total occlusion, coronary artery, coronary artery branch, or coronary artery bypass graft, any combination of drug-eluting intracoronary stent, atherectomy and angioplasty; each additional coronary..."",
							""STANDARD_CONCEPT"" : ""S"",
							""STANDARD_CONCEPT_CAPTION"" : ""Standard"",
							""INVALID_REASON"" : ""V"",
							""INVALID_REASON_CAPTION"" : ""Valid"",
							""CONCEPT_CODE"" : ""C9608"",
							""DOMAIN_ID"" : ""Procedure"",
							""VOCABULARY_ID"" : ""HCPCS"",
							""CONCEPT_CLASS_ID"" : ""HCPCS""
						},
						""isExcluded"" : false,
						""includeDescendants"" : true,
						""includeMapped"" : false
					},
					{
						""concept"" : {
							""CONCEPT_ID"" : 43533187,
							""CONCEPT_NAME"" : ""Percutaneous transluminal revascularization of acute total/subtotal occlusion during acute myocardial infarction, coronary artery or coronary artery bypass graft, any combination of drug-eluting intracoronary stent, atherectomy and angioplasty, includi..."",
							""STANDARD_CONCEPT"" : ""S"",
							""STANDARD_CONCEPT_CAPTION"" : ""Standard"",
							""INVALID_REASON"" : ""V"",
							""INVALID_REASON_CAPTION"" : ""Valid"",
							""CONCEPT_CODE"" : ""C9606"",
							""DOMAIN_ID"" : ""Procedure"",
							""VOCABULARY_ID"" : ""HCPCS"",
							""CONCEPT_CLASS_ID"" : ""HCPCS""
						},
						""isExcluded"" : false,
						""includeDescendants"" : true,
						""includeMapped"" : false
					},
					{
						""concept"" : {
							""CONCEPT_ID"" : 4184832,
							""CONCEPT_NAME"" : ""Coronary angioplasty"",
							""STANDARD_CONCEPT"" : ""S"",
							""STANDARD_CONCEPT_CAPTION"" : ""Standard"",
							""INVALID_REASON"" : ""V"",
							""INVALID_REASON_CAPTION"" : ""Valid"",
							""CONCEPT_CODE"" : ""41339005"",
							""DOMAIN_ID"" : ""Procedure"",
							""VOCABULARY_ID"" : ""SNOMED"",
							""CONCEPT_CLASS_ID"" : ""Procedure""
						},
						""isExcluded"" : false,
						""includeDescendants"" : true,
						""includeMapped"" : false
					},
					{
						""concept"" : {
							""CONCEPT_ID"" : 4283892,
							""CONCEPT_NAME"" : ""Placement of stent in coronary artery"",
							""STANDARD_CONCEPT"" : ""S"",
							""STANDARD_CONCEPT_CAPTION"" : ""Standard"",
							""INVALID_REASON"" : ""V"",
							""INVALID_REASON_CAPTION"" : ""Valid"",
							""CONCEPT_CODE"" : ""36969009"",
							""DOMAIN_ID"" : ""Procedure"",
							""VOCABULARY_ID"" : ""SNOMED"",
							""CONCEPT_CLASS_ID"" : ""Procedure""
						},
						""isExcluded"" : false,
						""includeDescendants"" : true,
						""includeMapped"" : false
					},
					{
						""concept"" : {
							""CONCEPT_ID"" : 43528003,
							""CONCEPT_NAME"" : ""Percutaneous transluminal revascularization of chronic total occlusion, coronary artery, coronary artery branch, or coronary artery bypass graft, any combination of intracoronary stent, atherectomy and angioplasty; single vessel"",
							""STANDARD_CONCEPT"" : ""S"",
							""STANDARD_CONCEPT_CAPTION"" : ""Standard"",
							""INVALID_REASON"" : ""V"",
							""INVALID_REASON_CAPTION"" : ""Valid"",
							""CONCEPT_CODE"" : ""92943"",
							""DOMAIN_ID"" : ""Procedure"",
							""VOCABULARY_ID"" : ""CPT4"",
							""CONCEPT_CLASS_ID"" : ""CPT4""
						},
						""isExcluded"" : false,
						""includeDescendants"" : true,
						""includeMapped"" : false
					},
					{
						""concept"" : {
							""CONCEPT_ID"" : 45770937,
							""CONCEPT_NAME"" : ""Coronary angioplasty catheter"",
							""STANDARD_CONCEPT"" : ""S"",
							""STANDARD_CONCEPT_CAPTION"" : ""Standard"",
							""INVALID_REASON"" : ""V"",
							""INVALID_REASON_CAPTION"" : ""Valid"",
							""CONCEPT_CODE"" : ""705928000"",
							""DOMAIN_ID"" : ""Device"",
							""VOCABULARY_ID"" : ""SNOMED"",
							""CONCEPT_CLASS_ID"" : ""Physical Object""
						},
						""isExcluded"" : false,
						""includeDescendants"" : true,
						""includeMapped"" : false
					},
					{
						""concept"" : {
							""CONCEPT_ID"" : 4216130,
							""CONCEPT_NAME"" : ""Percutaneous coronary intervention"",
							""STANDARD_CONCEPT"" : ""S"",
							""STANDARD_CONCEPT_CAPTION"" : ""Standard"",
							""INVALID_REASON"" : ""V"",
							""INVALID_REASON_CAPTION"" : ""Valid"",
							""CONCEPT_CODE"" : ""415070008"",
							""DOMAIN_ID"" : ""Procedure"",
							""VOCABULARY_ID"" : ""SNOMED"",
							""CONCEPT_CLASS_ID"" : ""Procedure""
						},
						""isExcluded"" : false,
						""includeDescendants"" : true,
						""includeMapped"" : false
					},
					{
						""concept"" : {
							""CONCEPT_ID"" : 2001500,
							""CONCEPT_NAME"" : ""Single vessel percutaneous transluminal coronary angioplasty [PTCA] or coronary atherectomy without mention of thrombolytic agent"",
							""STANDARD_CONCEPT"" : ""S"",
							""STANDARD_CONCEPT_CAPTION"" : ""Standard"",
							""INVALID_REASON"" : ""V"",
							""INVALID_REASON_CAPTION"" : ""Valid"",
							""CONCEPT_CODE"" : ""36.01"",
							""DOMAIN_ID"" : ""Procedure"",
							""VOCABULARY_ID"" : ""ICD9Proc"",
							""CONCEPT_CLASS_ID"" : ""Procedure""
						},
						""isExcluded"" : false,
						""includeDescendants"" : true,
						""includeMapped"" : false
					},
					{
						""concept"" : {
							""CONCEPT_ID"" : 4131681,
							""CONCEPT_NAME"" : ""Drug eluting stent"",
							""STANDARD_CONCEPT"" : ""S"",
							""STANDARD_CONCEPT_CAPTION"" : ""Standard"",
							""INVALID_REASON"" : ""V"",
							""INVALID_REASON_CAPTION"" : ""Valid"",
							""CONCEPT_CODE"" : ""411191007"",
							""DOMAIN_ID"" : ""Device"",
							""VOCABULARY_ID"" : ""SNOMED"",
							""CONCEPT_CLASS_ID"" : ""Pharma/Biol Product""
						},
						""isExcluded"" : false,
						""includeDescendants"" : true,
						""includeMapped"" : false
					},
					{
						""concept"" : {
							""CONCEPT_ID"" : 2001504,
							""CONCEPT_NAME"" : ""Multiple vessel percutaneous transluminal coronary angioplasty [PTCA] or coronary atherectomy performed during the same operation, with or without mention of thrombolytic agent"",
							""STANDARD_CONCEPT"" : ""S"",
							""STANDARD_CONCEPT_CAPTION"" : ""Standard"",
							""INVALID_REASON"" : ""V"",
							""INVALID_REASON_CAPTION"" : ""Valid"",
							""CONCEPT_CODE"" : ""36.05"",
							""DOMAIN_ID"" : ""Procedure"",
							""VOCABULARY_ID"" : ""ICD9Proc"",
							""CONCEPT_CLASS_ID"" : ""Procedure""
						},
						""isExcluded"" : false,
						""includeDescendants"" : true,
						""includeMapped"" : false
					},
					{
						""concept"" : {
							""CONCEPT_ID"" : 43533186,
							""CONCEPT_NAME"" : ""Percutaneous transluminal revascularization of or through coronary artery bypass graft (internal mammary, free arterial, venous), any combination of drug-eluting intracoronary stent, atherectomy and angioplasty, including distal protection when perform..."",
							""STANDARD_CONCEPT"" : ""S"",
							""STANDARD_CONCEPT_CAPTION"" : ""Standard"",
							""INVALID_REASON"" : ""V"",
							""INVALID_REASON_CAPTION"" : ""Valid"",
							""CONCEPT_CODE"" : ""C9604"",
							""DOMAIN_ID"" : ""Procedure"",
							""VOCABULARY_ID"" : ""HCPCS"",
							""CONCEPT_CLASS_ID"" : ""HCPCS""
						},
						""isExcluded"" : false,
						""includeDescendants"" : true,
						""includeMapped"" : false
					},
					{
						""concept"" : {
							""CONCEPT_ID"" : 43533354,
							""CONCEPT_NAME"" : ""Percutaneous transluminal revascularization of chronic total occlusion, coronary artery, coronary artery branch, or coronary artery bypass graft, any combination of drug-eluting intracoronary stent, atherectomy and angioplasty; single vessel"",
							""STANDARD_CONCEPT"" : ""S"",
							""STANDARD_CONCEPT_CAPTION"" : ""Standard"",
							""INVALID_REASON"" : ""V"",
							""INVALID_REASON_CAPTION"" : ""Valid"",
							""CONCEPT_CODE"" : ""C9607"",
							""DOMAIN_ID"" : ""Procedure"",
							""VOCABULARY_ID"" : ""HCPCS"",
							""CONCEPT_CLASS_ID"" : ""HCPCS""
						},
						""isExcluded"" : false,
						""includeDescendants"" : true,
						""includeMapped"" : false
					},
					{
						""concept"" : {
							""CONCEPT_ID"" : 45767945,
							""CONCEPT_NAME"" : ""Coronary artery stent"",
							""STANDARD_CONCEPT"" : ""S"",
							""STANDARD_CONCEPT_CAPTION"" : ""Standard"",
							""INVALID_REASON"" : ""V"",
							""INVALID_REASON_CAPTION"" : ""Valid"",
							""CONCEPT_CODE"" : ""705643001"",
							""DOMAIN_ID"" : ""Device"",
							""VOCABULARY_ID"" : ""SNOMED"",
							""CONCEPT_CLASS_ID"" : ""Physical Object""
						},
						""isExcluded"" : false,
						""includeDescendants"" : true,
						""includeMapped"" : false
					},
					{
						""concept"" : {
							""CONCEPT_ID"" : 4337739,
							""CONCEPT_NAME"" : ""Percutaneous directional coronary atherectomy"",
							""STANDARD_CONCEPT"" : ""S"",
							""STANDARD_CONCEPT_CAPTION"" : ""Standard"",
							""INVALID_REASON"" : ""V"",
							""INVALID_REASON_CAPTION"" : ""Valid"",
							""CONCEPT_CODE"" : ""232727003"",
							""DOMAIN_ID"" : ""Procedure"",
							""VOCABULARY_ID"" : ""SNOMED"",
							""CONCEPT_CLASS_ID"" : ""Procedure""
						},
						""isExcluded"" : false,
						""includeDescendants"" : true,
						""includeMapped"" : false
					},
					{
						""concept"" : {
							""CONCEPT_ID"" : 45758194,
							""CONCEPT_NAME"" : ""Radio-frequency coronary angioplasty system"",
							""STANDARD_CONCEPT"" : ""S"",
							""STANDARD_CONCEPT_CAPTION"" : ""Standard"",
							""INVALID_REASON"" : ""V"",
							""INVALID_REASON_CAPTION"" : ""Valid"",
							""CONCEPT_CODE"" : ""462755008"",
							""DOMAIN_ID"" : ""Device"",
							""VOCABULARY_ID"" : ""SNOMED"",
							""CONCEPT_CLASS_ID"" : ""Physical Object""
						},
						""isExcluded"" : false,
						""includeDescendants"" : true,
						""includeMapped"" : false
					},
					{
						""concept"" : {
							""CONCEPT_ID"" : 2001501,
							""CONCEPT_NAME"" : ""Single vessel percutaneous transluminal coronary angioplasty [PTCA] or coronary atherectomy with mention of thrombolytic agent"",
							""STANDARD_CONCEPT"" : ""S"",
							""STANDARD_CONCEPT_CAPTION"" : ""Standard"",
							""INVALID_REASON"" : ""V"",
							""INVALID_REASON_CAPTION"" : ""Valid"",
							""CONCEPT_CODE"" : ""36.02"",
							""DOMAIN_ID"" : ""Procedure"",
							""VOCABULARY_ID"" : ""ICD9Proc"",
							""CONCEPT_CLASS_ID"" : ""Procedure""
						},
						""isExcluded"" : false,
						""includeDescendants"" : true,
						""includeMapped"" : false
					}
				]
			}
		},
		{
			""id"" : 47,
			""name"" : ""Inpatient visitv2"",
			""expression"" : {
				""items"" : [
					{
						""concept"" : {
							""CONCEPT_ID"" : 262,
							""CONCEPT_NAME"" : ""Emergency Room and Inpatient Visit"",
							""STANDARD_CONCEPT"" : ""S"",
							""STANDARD_CONCEPT_CAPTION"" : ""Standard"",
							""INVALID_REASON"" : ""V"",
							""INVALID_REASON_CAPTION"" : ""Valid"",
							""CONCEPT_CODE"" : ""ERIP"",
							""DOMAIN_ID"" : ""Visit"",
							""VOCABULARY_ID"" : ""Visit"",
							""CONCEPT_CLASS_ID"" : ""Visit""
						},
						""isExcluded"" : false,
						""includeDescendants"" : true,
						""includeMapped"" : false
					},
					{
						""concept"" : {
							""CONCEPT_ID"" : 9201,
							""CONCEPT_NAME"" : ""Inpatient Visit"",
							""STANDARD_CONCEPT"" : ""S"",
							""STANDARD_CONCEPT_CAPTION"" : ""Standard"",
							""INVALID_REASON"" : ""V"",
							""INVALID_REASON_CAPTION"" : ""Valid"",
							""CONCEPT_CODE"" : ""IP"",
							""DOMAIN_ID"" : ""Visit"",
							""VOCABULARY_ID"" : ""Visit"",
							""CONCEPT_CLASS_ID"" : ""Visit""
						},
						""isExcluded"" : false,
						""includeDescendants"" : true,
						""includeMapped"" : false
					},
					{
						""concept"" : {
							""CONCEPT_ID"" : 4203130,
							""CONCEPT_NAME"" : ""Discharge from hospital"",
							""STANDARD_CONCEPT"" : ""S"",
							""STANDARD_CONCEPT_CAPTION"" : ""Standard"",
							""INVALID_REASON"" : ""V"",
							""INVALID_REASON_CAPTION"" : ""Valid"",
							""CONCEPT_CODE"" : ""308283009"",
							""DOMAIN_ID"" : ""Observation"",
							""VOCABULARY_ID"" : ""SNOMED"",
							""CONCEPT_CLASS_ID"" : ""Procedure""
						},
						""isExcluded"" : true,
						""includeDescendants"" : true,
						""includeMapped"" : false
					},
					{
						""concept"" : {
							""CONCEPT_ID"" : 8717,
							""CONCEPT_NAME"" : ""Inpatient Hospital"",
							""STANDARD_CONCEPT"" : ""S"",
							""STANDARD_CONCEPT_CAPTION"" : ""Standard"",
							""INVALID_REASON"" : ""V"",
							""INVALID_REASON_CAPTION"" : ""Valid"",
							""CONCEPT_CODE"" : ""21"",
							""DOMAIN_ID"" : ""Visit"",
							""VOCABULARY_ID"" : ""CMS Place of Service"",
							""CONCEPT_CLASS_ID"" : ""Visit""
						},
						""isExcluded"" : false,
						""includeDescendants"" : true,
						""includeMapped"" : false
					},
					{
						""concept"" : {
							""CONCEPT_ID"" : 8971,
							""CONCEPT_NAME"" : ""Inpatient Psychiatric Facility"",
							""STANDARD_CONCEPT"" : ""S"",
							""STANDARD_CONCEPT_CAPTION"" : ""Standard"",
							""INVALID_REASON"" : ""V"",
							""INVALID_REASON_CAPTION"" : ""Valid"",
							""CONCEPT_CODE"" : ""51"",
							""DOMAIN_ID"" : ""Visit"",
							""VOCABULARY_ID"" : ""CMS Place of Service"",
							""CONCEPT_CLASS_ID"" : ""Visit""
						},
						""isExcluded"" : true,
						""includeDescendants"" : true,
						""includeMapped"" : false
					},
					{
						""concept"" : {
							""CONCEPT_ID"" : 8920,
							""CONCEPT_NAME"" : ""Comprehensive Inpatient Rehabilitation Facility"",
							""STANDARD_CONCEPT"" : ""S"",
							""STANDARD_CONCEPT_CAPTION"" : ""Standard"",
							""INVALID_REASON"" : ""V"",
							""INVALID_REASON_CAPTION"" : ""Valid"",
							""CONCEPT_CODE"" : ""61"",
							""DOMAIN_ID"" : ""Visit"",
							""VOCABULARY_ID"" : ""CMS Place of Service"",
							""CONCEPT_CLASS_ID"" : ""Visit""
						},
						""isExcluded"" : false,
						""includeDescendants"" : true,
						""includeMapped"" : false
					},
					{
						""concept"" : {
							""CONCEPT_ID"" : 38004311,
							""CONCEPT_NAME"" : ""Inpatient Hospice"",
							""STANDARD_CONCEPT"" : ""S"",
							""STANDARD_CONCEPT_CAPTION"" : ""Standard"",
							""INVALID_REASON"" : ""V"",
							""INVALID_REASON_CAPTION"" : ""Valid"",
							""CONCEPT_CODE"" : ""315D00000X"",
							""DOMAIN_ID"" : ""Visit"",
							""VOCABULARY_ID"" : ""NUCC"",
							""CONCEPT_CLASS_ID"" : ""Visit""
						},
						""isExcluded"" : false,
						""includeDescendants"" : true,
						""includeMapped"" : false
					}
				]
			}
		},
		{
			""id"" : 48,
			""name"" : ""[OHDSI STEMI] Echocardiogram"",
			""expression"" : {
				""items"" : [
					{
						""concept"" : {
							""CONCEPT_ID"" : 4059699,
							""CONCEPT_NAME"" : ""Echocardiogram abnormal"",
							""STANDARD_CONCEPT"" : ""S"",
							""STANDARD_CONCEPT_CAPTION"" : ""Standard"",
							""INVALID_REASON"" : ""V"",
							""INVALID_REASON_CAPTION"" : ""Valid"",
							""CONCEPT_CODE"" : ""169241000"",
							""DOMAIN_ID"" : ""Condition"",
							""VOCABULARY_ID"" : ""SNOMED"",
							""CONCEPT_CLASS_ID"" : ""Clinical Finding""
						},
						""isExcluded"" : false,
						""includeDescendants"" : true,
						""includeMapped"" : false
					},
					{
						""concept"" : {
							""CONCEPT_ID"" : 759555,
							""CONCEPT_NAME"" : ""Percutaneous transcatheter implantation of interatrial septal shunt device, including right and left heart catheterization, intracardiac echocardiography, and imaging guidance by the proceduralist, when performed"",
							""STANDARD_CONCEPT"" : ""S"",
							""STANDARD_CONCEPT_CAPTION"" : ""Standard"",
							""INVALID_REASON"" : ""V"",
							""INVALID_REASON_CAPTION"" : ""Valid"",
							""CONCEPT_CODE"" : ""0613T"",
							""DOMAIN_ID"" : ""Procedure"",
							""VOCABULARY_ID"" : ""CPT4"",
							""CONCEPT_CLASS_ID"" : ""CPT4""
						},
						""isExcluded"" : false,
						""includeDescendants"" : true,
						""includeMapped"" : false
					},
					{
						""concept"" : {
							""CONCEPT_ID"" : 709890,
							""CONCEPT_NAME"" : ""Transapical mitral valve repair, including transthoracic echocardiography, when performed, with placement of artificial chordae tendineae"",
							""STANDARD_CONCEPT"" : ""S"",
							""STANDARD_CONCEPT_CAPTION"" : ""Standard"",
							""INVALID_REASON"" : ""V"",
							""INVALID_REASON_CAPTION"" : ""Valid"",
							""CONCEPT_CODE"" : ""0543T"",
							""DOMAIN_ID"" : ""Procedure"",
							""VOCABULARY_ID"" : ""CPT4"",
							""CONCEPT_CLASS_ID"" : ""CPT4""
						},
						""isExcluded"" : false,
						""includeDescendants"" : true,
						""includeMapped"" : false
					},
					{
						""concept"" : {
							""CONCEPT_ID"" : 4292071,
							""CONCEPT_NAME"" : ""Echocardiogram requested"",
							""STANDARD_CONCEPT"" : ""S"",
							""STANDARD_CONCEPT_CAPTION"" : ""Standard"",
							""INVALID_REASON"" : ""V"",
							""INVALID_REASON_CAPTION"" : ""Valid"",
							""CONCEPT_CODE"" : ""401000009"",
							""DOMAIN_ID"" : ""Observation"",
							""VOCABULARY_ID"" : ""SNOMED"",
							""CONCEPT_CLASS_ID"" : ""Context-dependent""
						},
						""isExcluded"" : false,
						""includeDescendants"" : true,
						""includeMapped"" : false
					},
					{
						""concept"" : {
							""CONCEPT_ID"" : 710016,
							""CONCEPT_NAME"" : ""Myocardial strain imaging using speckle tracking-derived assessment of myocardial mechanics (List separately in addition to codes for echocardiography imaging)"",
							""STANDARD_CONCEPT"" : ""S"",
							""STANDARD_CONCEPT_CAPTION"" : ""Standard"",
							""INVALID_REASON"" : ""V"",
							""INVALID_REASON_CAPTION"" : ""Valid"",
							""CONCEPT_CODE"" : ""93356"",
							""DOMAIN_ID"" : ""Procedure"",
							""VOCABULARY_ID"" : ""CPT4"",
							""CONCEPT_CLASS_ID"" : ""CPT4""
						},
						""isExcluded"" : false,
						""includeDescendants"" : true,
						""includeMapped"" : false
					},
					{
						""concept"" : {
							""CONCEPT_ID"" : 4230911,
							""CONCEPT_NAME"" : ""Echocardiography"",
							""STANDARD_CONCEPT"" : ""S"",
							""STANDARD_CONCEPT_CAPTION"" : ""Standard"",
							""INVALID_REASON"" : ""V"",
							""INVALID_REASON_CAPTION"" : ""Valid"",
							""CONCEPT_CODE"" : ""40701008"",
							""DOMAIN_ID"" : ""Procedure"",
							""VOCABULARY_ID"" : ""SNOMED"",
							""CONCEPT_CLASS_ID"" : ""Procedure""
						},
						""isExcluded"" : false,
						""includeDescendants"" : true,
						""includeMapped"" : false
					},
					{
						""concept"" : {
							""CONCEPT_ID"" : 2313880,
							""CONCEPT_NAME"" : ""Doppler echocardiography, pulsed wave and/or continuous wave with spectral display (List separately in addition to codes for echocardiographic imaging); follow-up or limited study (List separately in addition to codes for echocardiographic imaging)"",
							""STANDARD_CONCEPT"" : ""S"",
							""STANDARD_CONCEPT_CAPTION"" : ""Standard"",
							""INVALID_REASON"" : ""V"",
							""INVALID_REASON_CAPTION"" : ""Valid"",
							""CONCEPT_CODE"" : ""93321"",
							""DOMAIN_ID"" : ""Procedure"",
							""VOCABULARY_ID"" : ""CPT4"",
							""CONCEPT_CLASS_ID"" : ""CPT4""
						},
						""isExcluded"" : false,
						""includeDescendants"" : true,
						""includeMapped"" : false
					},
					{
						""concept"" : {
							""CONCEPT_ID"" : 2313879,
							""CONCEPT_NAME"" : ""Doppler echocardiography, pulsed wave and/or continuous wave with spectral display (List separately in addition to codes for echocardiographic imaging); complete"",
							""STANDARD_CONCEPT"" : ""S"",
							""STANDARD_CONCEPT_CAPTION"" : ""Standard"",
							""INVALID_REASON"" : ""V"",
							""INVALID_REASON_CAPTION"" : ""Valid"",
							""CONCEPT_CODE"" : ""93320"",
							""DOMAIN_ID"" : ""Procedure"",
							""VOCABULARY_ID"" : ""CPT4"",
							""CONCEPT_CLASS_ID"" : ""CPT4""
						},
						""isExcluded"" : false,
						""includeDescendants"" : true,
						""includeMapped"" : false
					},
					{
						""concept"" : {
							""CONCEPT_ID"" : 4060628,
							""CONCEPT_NAME"" : ""Echocardiogram normal"",
							""STANDARD_CONCEPT"" : ""S"",
							""STANDARD_CONCEPT_CAPTION"" : ""Standard"",
							""INVALID_REASON"" : ""V"",
							""INVALID_REASON_CAPTION"" : ""Valid"",
							""CONCEPT_CODE"" : ""169240004"",
							""DOMAIN_ID"" : ""Condition"",
							""VOCABULARY_ID"" : ""SNOMED"",
							""CONCEPT_CLASS_ID"" : ""Clinical Finding""
						},
						""isExcluded"" : false,
						""includeDescendants"" : true,
						""includeMapped"" : false
					},
					{
						""concept"" : {
							""CONCEPT_ID"" : 4305721,
							""CONCEPT_NAME"" : ""Referral for echocardiography"",
							""STANDARD_CONCEPT"" : ""S"",
							""STANDARD_CONCEPT_CAPTION"" : ""Standard"",
							""INVALID_REASON"" : ""V"",
							""INVALID_REASON_CAPTION"" : ""Valid"",
							""CONCEPT_CODE"" : ""390791001"",
							""DOMAIN_ID"" : ""Observation"",
							""VOCABULARY_ID"" : ""SNOMED"",
							""CONCEPT_CLASS_ID"" : ""Procedure""
						},
						""isExcluded"" : false,
						""includeDescendants"" : true,
						""includeMapped"" : false
					},
					{
						""concept"" : {
							""CONCEPT_ID"" : 2313881,
							""CONCEPT_NAME"" : ""Doppler echocardiography color flow velocity mapping (List separately in addition to codes for echocardiography)"",
							""STANDARD_CONCEPT"" : ""S"",
							""STANDARD_CONCEPT_CAPTION"" : ""Standard"",
							""INVALID_REASON"" : ""V"",
							""INVALID_REASON_CAPTION"" : ""Valid"",
							""CONCEPT_CODE"" : ""93325"",
							""DOMAIN_ID"" : ""Procedure"",
							""VOCABULARY_ID"" : ""CPT4"",
							""CONCEPT_CLASS_ID"" : ""CPT4""
						},
						""isExcluded"" : false,
						""includeDescendants"" : true,
						""includeMapped"" : false
					},
					{
						""concept"" : {
							""CONCEPT_ID"" : 4252226,
							""CONCEPT_NAME"" : ""Echocardiogram equivocal"",
							""STANDARD_CONCEPT"" : ""S"",
							""STANDARD_CONCEPT_CAPTION"" : ""Standard"",
							""INVALID_REASON"" : ""V"",
							""INVALID_REASON_CAPTION"" : ""Valid"",
							""CONCEPT_CODE"" : ""408380008"",
							""DOMAIN_ID"" : ""Condition"",
							""VOCABULARY_ID"" : ""SNOMED"",
							""CONCEPT_CLASS_ID"" : ""Clinical Finding""
						},
						""isExcluded"" : false,
						""includeDescendants"" : true,
						""includeMapped"" : false
					},
					{
						""concept"" : {
							""CONCEPT_ID"" : 45773079,
							""CONCEPT_NAME"" : ""Stress echocardiography using dobutamine"",
							""STANDARD_CONCEPT"" : ""S"",
							""STANDARD_CONCEPT_CAPTION"" : ""Standard"",
							""INVALID_REASON"" : ""V"",
							""INVALID_REASON_CAPTION"" : ""Valid"",
							""CONCEPT_CODE"" : ""703338002"",
							""DOMAIN_ID"" : ""Procedure"",
							""VOCABULARY_ID"" : ""SNOMED"",
							""CONCEPT_CLASS_ID"" : ""Procedure""
						},
						""isExcluded"" : false,
						""includeDescendants"" : true,
						""includeMapped"" : false
					},
					{
						""concept"" : {
							""CONCEPT_ID"" : 42628042,
							""CONCEPT_NAME"" : ""Myocardial contrast perfusion echocardiography, at rest or with stress, for assessment of myocardial ischemia or viability (List separately in addition to code for primary procedure)"",
							""STANDARD_CONCEPT"" : ""S"",
							""STANDARD_CONCEPT_CAPTION"" : ""Standard"",
							""INVALID_REASON"" : ""V"",
							""INVALID_REASON_CAPTION"" : ""Valid"",
							""CONCEPT_CODE"" : ""0439T"",
							""DOMAIN_ID"" : ""Procedure"",
							""VOCABULARY_ID"" : ""CPT4"",
							""CONCEPT_CLASS_ID"" : ""CPT4""
						},
						""isExcluded"" : false,
						""includeDescendants"" : true,
						""includeMapped"" : false
					},
					{
						""concept"" : {
							""CONCEPT_ID"" : 4222104,
							""CONCEPT_NAME"" : ""Ultrasonographic echogenicity"",
							""STANDARD_CONCEPT"" : ""S"",
							""STANDARD_CONCEPT_CAPTION"" : ""Standard"",
							""INVALID_REASON"" : ""V"",
							""INVALID_REASON_CAPTION"" : ""Valid"",
							""CONCEPT_CODE"" : ""421222001"",
							""DOMAIN_ID"" : ""Observation"",
							""VOCABULARY_ID"" : ""SNOMED"",
							""CONCEPT_CLASS_ID"" : ""Observable Entity""
						},
						""isExcluded"" : false,
						""includeDescendants"" : true,
						""includeMapped"" : false
					},
					{
						""concept"" : {
							""CONCEPT_ID"" : 759555,
							""CONCEPT_NAME"" : ""Percutaneous transcatheter implantation of interatrial septal shunt device, including right and left heart catheterization, intracardiac echocardiography, and imaging guidance by the proceduralist, when performed"",
							""STANDARD_CONCEPT"" : ""S"",
							""STANDARD_CONCEPT_CAPTION"" : ""Standard"",
							""INVALID_REASON"" : ""V"",
							""INVALID_REASON_CAPTION"" : ""Valid"",
							""CONCEPT_CODE"" : ""0613T"",
							""DOMAIN_ID"" : ""Procedure"",
							""VOCABULARY_ID"" : ""CPT4"",
							""CONCEPT_CLASS_ID"" : ""CPT4""
						},
						""isExcluded"" : true,
						""includeDescendants"" : true,
						""includeMapped"" : false
					},
					{
						""concept"" : {
							""CONCEPT_ID"" : 45773079,
							""CONCEPT_NAME"" : ""Stress echocardiography using dobutamine"",
							""STANDARD_CONCEPT"" : ""S"",
							""STANDARD_CONCEPT_CAPTION"" : ""Standard"",
							""INVALID_REASON"" : ""V"",
							""INVALID_REASON_CAPTION"" : ""Valid"",
							""CONCEPT_CODE"" : ""703338002"",
							""DOMAIN_ID"" : ""Procedure"",
							""VOCABULARY_ID"" : ""SNOMED"",
							""CONCEPT_CLASS_ID"" : ""Procedure""
						},
						""isExcluded"" : true,
						""includeDescendants"" : true,
						""includeMapped"" : false
					}
				]
			}
		},
		{
			""id"" : 49,
			""name"" : ""[OHDSI STEMI] STEMI ICD concept set v2"",
			""expression"" : {
				""items"" : [
					{
						""concept"" : {
							""CONCEPT_ID"" : 434376,
							""CONCEPT_NAME"" : ""Acute myocardial infarction of anterior wall"",
							""STANDARD_CONCEPT"" : ""S"",
							""STANDARD_CONCEPT_CAPTION"" : ""Standard"",
							""INVALID_REASON"" : ""V"",
							""INVALID_REASON_CAPTION"" : ""Valid"",
							""CONCEPT_CODE"" : ""54329005"",
							""DOMAIN_ID"" : ""Condition"",
							""VOCABULARY_ID"" : ""SNOMED"",
							""CONCEPT_CLASS_ID"" : ""Clinical Finding""
						},
						""isExcluded"" : false,
						""includeDescendants"" : true,
						""includeMapped"" : false
					},
					{
						""concept"" : {
							""CONCEPT_ID"" : 436706,
							""CONCEPT_NAME"" : ""Acute myocardial infarction of lateral wall"",
							""STANDARD_CONCEPT"" : ""S"",
							""STANDARD_CONCEPT_CAPTION"" : ""Standard"",
							""INVALID_REASON"" : ""V"",
							""INVALID_REASON_CAPTION"" : ""Valid"",
							""CONCEPT_CODE"" : ""58612006"",
							""DOMAIN_ID"" : ""Condition"",
							""VOCABULARY_ID"" : ""SNOMED"",
							""CONCEPT_CLASS_ID"" : ""Clinical Finding""
						},
						""isExcluded"" : false,
						""includeDescendants"" : true,
						""includeMapped"" : false
					},
					{
						""concept"" : {
							""CONCEPT_ID"" : 438438,
							""CONCEPT_NAME"" : ""Acute myocardial infarction of anterolateral wall"",
							""STANDARD_CONCEPT"" : ""S"",
							""STANDARD_CONCEPT_CAPTION"" : ""Standard"",
							""INVALID_REASON"" : ""V"",
							""INVALID_REASON_CAPTION"" : ""Valid"",
							""CONCEPT_CODE"" : ""70211005"",
							""DOMAIN_ID"" : ""Condition"",
							""VOCABULARY_ID"" : ""SNOMED"",
							""CONCEPT_CLASS_ID"" : ""Clinical Finding""
						},
						""isExcluded"" : false,
						""includeDescendants"" : true,
						""includeMapped"" : false
					},
					{
						""concept"" : {
							""CONCEPT_ID"" : 4108217,
							""CONCEPT_NAME"" : ""Subsequent myocardial infarction"",
							""STANDARD_CONCEPT"" : ""S"",
							""STANDARD_CONCEPT_CAPTION"" : ""Standard"",
							""INVALID_REASON"" : ""V"",
							""INVALID_REASON_CAPTION"" : ""Valid"",
							""CONCEPT_CODE"" : ""194856005"",
							""DOMAIN_ID"" : ""Condition"",
							""VOCABULARY_ID"" : ""SNOMED"",
							""CONCEPT_CLASS_ID"" : ""Clinical Finding""
						},
						""isExcluded"" : false,
						""includeDescendants"" : true,
						""includeMapped"" : false
					},
					{
						""concept"" : {
							""CONCEPT_ID"" : 4296653,
							""CONCEPT_NAME"" : ""Acute ST segment elevation myocardial infarction"",
							""STANDARD_CONCEPT"" : ""S"",
							""STANDARD_CONCEPT_CAPTION"" : ""Standard"",
							""INVALID_REASON"" : ""V"",
							""INVALID_REASON_CAPTION"" : ""Valid"",
							""CONCEPT_CODE"" : ""401303003"",
							""DOMAIN_ID"" : ""Condition"",
							""VOCABULARY_ID"" : ""SNOMED"",
							""CONCEPT_CLASS_ID"" : ""Clinical Finding""
						},
						""isExcluded"" : false,
						""includeDescendants"" : true,
						""includeMapped"" : false
					},
					{
						""concept"" : {
							""CONCEPT_ID"" : 438447,
							""CONCEPT_NAME"" : ""Acute myocardial infarction of inferolateral wall"",
							""STANDARD_CONCEPT"" : ""S"",
							""STANDARD_CONCEPT_CAPTION"" : ""Standard"",
							""INVALID_REASON"" : ""V"",
							""INVALID_REASON_CAPTION"" : ""Valid"",
							""CONCEPT_CODE"" : ""65547006"",
							""DOMAIN_ID"" : ""Condition"",
							""VOCABULARY_ID"" : ""SNOMED"",
							""CONCEPT_CLASS_ID"" : ""Clinical Finding""
						},
						""isExcluded"" : false,
						""includeDescendants"" : true,
						""includeMapped"" : false
					},
					{
						""concept"" : {
							""CONCEPT_ID"" : 439693,
							""CONCEPT_NAME"" : ""True posterior myocardial infarction"",
							""STANDARD_CONCEPT"" : ""S"",
							""STANDARD_CONCEPT_CAPTION"" : ""Standard"",
							""INVALID_REASON"" : ""V"",
							""INVALID_REASON_CAPTION"" : ""Valid"",
							""CONCEPT_CODE"" : ""194802003"",
							""DOMAIN_ID"" : ""Condition"",
							""VOCABULARY_ID"" : ""SNOMED"",
							""CONCEPT_CLASS_ID"" : ""Clinical Finding""
						},
						""isExcluded"" : false,
						""includeDescendants"" : true,
						""includeMapped"" : false
					},
					{
						""concept"" : {
							""CONCEPT_ID"" : 438170,
							""CONCEPT_NAME"" : ""Acute myocardial infarction of inferior wall"",
							""STANDARD_CONCEPT"" : ""S"",
							""STANDARD_CONCEPT_CAPTION"" : ""Standard"",
							""INVALID_REASON"" : ""V"",
							""INVALID_REASON_CAPTION"" : ""Valid"",
							""CONCEPT_CODE"" : ""73795002"",
							""DOMAIN_ID"" : ""Condition"",
							""VOCABULARY_ID"" : ""SNOMED"",
							""CONCEPT_CLASS_ID"" : ""Clinical Finding""
						},
						""isExcluded"" : false,
						""includeDescendants"" : true,
						""includeMapped"" : false
					},
					{
						""concept"" : {
							""CONCEPT_ID"" : 45766241,
							""CONCEPT_NAME"" : ""Subsequent non-ST segment elevation myocardial infarction"",
							""STANDARD_CONCEPT"" : ""S"",
							""STANDARD_CONCEPT_CAPTION"" : ""Standard"",
							""INVALID_REASON"" : ""V"",
							""INVALID_REASON_CAPTION"" : ""Valid"",
							""CONCEPT_CODE"" : ""703360004"",
							""DOMAIN_ID"" : ""Condition"",
							""VOCABULARY_ID"" : ""SNOMED"",
							""CONCEPT_CLASS_ID"" : ""Clinical Finding""
						},
						""isExcluded"" : true,
						""includeDescendants"" : true,
						""includeMapped"" : false
					},
					{
						""concept"" : {
							""CONCEPT_ID"" : 4119944,
							""CONCEPT_NAME"" : ""Acute non-Q wave infarction - anterolateral"",
							""STANDARD_CONCEPT"" : ""S"",
							""STANDARD_CONCEPT_CAPTION"" : ""Standard"",
							""INVALID_REASON"" : ""V"",
							""INVALID_REASON_CAPTION"" : ""Valid"",
							""CONCEPT_CODE"" : ""233828006"",
							""DOMAIN_ID"" : ""Condition"",
							""VOCABULARY_ID"" : ""SNOMED"",
							""CONCEPT_CLASS_ID"" : ""Clinical Finding""
						},
						""isExcluded"" : true,
						""includeDescendants"" : true,
						""includeMapped"" : false
					},
					{
						""concept"" : {
							""CONCEPT_ID"" : 4119945,
							""CONCEPT_NAME"" : ""Acute non-Q wave infarction - inferior"",
							""STANDARD_CONCEPT"" : ""S"",
							""STANDARD_CONCEPT_CAPTION"" : ""Standard"",
							""INVALID_REASON"" : ""V"",
							""INVALID_REASON_CAPTION"" : ""Valid"",
							""CONCEPT_CODE"" : ""233830008"",
							""DOMAIN_ID"" : ""Condition"",
							""VOCABULARY_ID"" : ""SNOMED"",
							""CONCEPT_CLASS_ID"" : ""Clinical Finding""
						},
						""isExcluded"" : true,
						""includeDescendants"" : true,
						""includeMapped"" : false
					},
					{
						""concept"" : {
							""CONCEPT_ID"" : 4119946,
							""CONCEPT_NAME"" : ""Acute non-Q wave infarction - inferolateral"",
							""STANDARD_CONCEPT"" : ""S"",
							""STANDARD_CONCEPT_CAPTION"" : ""Standard"",
							""INVALID_REASON"" : ""V"",
							""INVALID_REASON_CAPTION"" : ""Valid"",
							""CONCEPT_CODE"" : ""233832000"",
							""DOMAIN_ID"" : ""Condition"",
							""VOCABULARY_ID"" : ""SNOMED"",
							""CONCEPT_CLASS_ID"" : ""Clinical Finding""
						},
						""isExcluded"" : true,
						""includeDescendants"" : true,
						""includeMapped"" : false
					},
					{
						""concept"" : {
							""CONCEPT_ID"" : 4121466,
							""CONCEPT_NAME"" : ""Acute non-Q wave infarction - lateral"",
							""STANDARD_CONCEPT"" : ""S"",
							""STANDARD_CONCEPT_CAPTION"" : ""Standard"",
							""INVALID_REASON"" : ""V"",
							""INVALID_REASON_CAPTION"" : ""Valid"",
							""CONCEPT_CODE"" : ""233834004"",
							""DOMAIN_ID"" : ""Condition"",
							""VOCABULARY_ID"" : ""SNOMED"",
							""CONCEPT_CLASS_ID"" : ""Clinical Finding""
						},
						""isExcluded"" : true,
						""includeDescendants"" : true,
						""includeMapped"" : false
					},
					{
						""concept"" : {
							""CONCEPT_ID"" : 2016377454,
							""CONCEPT_NAME"" : ""NON-Q-WAVE MYOCARDIAL INFARCTION - SUBSEQUENT CARE RECENT MI (8 WKS)"",
							""STANDARD_CONCEPT"" : ""N"",
							""STANDARD_CONCEPT_CAPTION"" : ""Non-Standard"",
							""INVALID_REASON"" : ""V"",
							""INVALID_REASON_CAPTION"" : ""Valid"",
							""CONCEPT_CODE"" : ""NON-Q-WAVE MYOCARDIAL INFARCTION - SUBSEQUENT CARE RECENT MI (8 WKS)"",
							""DOMAIN_ID"" : ""Observation"",
							""VOCABULARY_ID"" : ""US_EMR_Problem"",
							""CONCEPT_CLASS_ID"" : ""Concept Class""
						},
						""isExcluded"" : true,
						""includeDescendants"" : true,
						""includeMapped"" : false
					},
					{
						""concept"" : {
							""CONCEPT_ID"" : 0,
							""CONCEPT_NAME"" : ""No matching concept"",
							""STANDARD_CONCEPT"" : ""N"",
							""STANDARD_CONCEPT_CAPTION"" : ""Non-Standard"",
							""INVALID_REASON"" : ""V"",
							""INVALID_REASON_CAPTION"" : ""Valid"",
							""CONCEPT_CODE"" : ""No matching concept"",
							""DOMAIN_ID"" : ""Metadata"",
							""VOCABULARY_ID"" : ""None"",
							""CONCEPT_CLASS_ID"" : ""Undefined""
						},
						""isExcluded"" : true,
						""includeDescendants"" : true,
						""includeMapped"" : false
					},
					{
						""concept"" : {
							""CONCEPT_ID"" : 1569130,
							""CONCEPT_NAME"" : ""Subsequent ST elevation (STEMI) and non-ST elevation (NSTEMI) myocardial infarction"",
							""STANDARD_CONCEPT"" : ""N"",
							""STANDARD_CONCEPT_CAPTION"" : ""Non-Standard"",
							""INVALID_REASON"" : ""V"",
							""INVALID_REASON_CAPTION"" : ""Valid"",
							""CONCEPT_CODE"" : ""I22"",
							""DOMAIN_ID"" : ""Condition"",
							""VOCABULARY_ID"" : ""ICD10CM"",
							""CONCEPT_CLASS_ID"" : ""3-char nonbill code""
						},
						""isExcluded"" : true,
						""includeDescendants"" : true,
						""includeMapped"" : false
					}
				]
			}
		},
		{
			""id"" : 50,
			""name"" : ""[OHDSI STEMI] non-STEMI ICD concept set"",
			""expression"" : {
				""items"" : [
					{
						""concept"" : {
							""CONCEPT_ID"" : 45766241,
							""CONCEPT_NAME"" : ""Subsequent non-ST segment elevation myocardial infarction"",
							""STANDARD_CONCEPT"" : ""S"",
							""STANDARD_CONCEPT_CAPTION"" : ""Standard"",
							""INVALID_REASON"" : ""V"",
							""INVALID_REASON_CAPTION"" : ""Valid"",
							""CONCEPT_CODE"" : ""703360004"",
							""DOMAIN_ID"" : ""Condition"",
							""VOCABULARY_ID"" : ""SNOMED"",
							""CONCEPT_CLASS_ID"" : ""Clinical Finding""
						},
						""isExcluded"" : false,
						""includeDescendants"" : true,
						""includeMapped"" : false
					},
					{
						""concept"" : {
							""CONCEPT_ID"" : 4270024,
							""CONCEPT_NAME"" : ""Acute non-ST segment elevation myocardial infarction"",
							""STANDARD_CONCEPT"" : ""S"",
							""STANDARD_CONCEPT_CAPTION"" : ""Standard"",
							""INVALID_REASON"" : ""V"",
							""INVALID_REASON_CAPTION"" : ""Valid"",
							""CONCEPT_CODE"" : ""401314000"",
							""DOMAIN_ID"" : ""Condition"",
							""VOCABULARY_ID"" : ""SNOMED"",
							""CONCEPT_CLASS_ID"" : ""Clinical Finding""
						},
						""isExcluded"" : false,
						""includeDescendants"" : true,
						""includeMapped"" : false
					},
					{
						""concept"" : {
							""CONCEPT_ID"" : 4200113,
							""CONCEPT_NAME"" : ""Non-Q wave myocardial infarction"",
							""STANDARD_CONCEPT"" : ""S"",
							""STANDARD_CONCEPT_CAPTION"" : ""Standard"",
							""INVALID_REASON"" : ""V"",
							""INVALID_REASON_CAPTION"" : ""Valid"",
							""CONCEPT_CODE"" : ""314207007"",
							""DOMAIN_ID"" : ""Condition"",
							""VOCABULARY_ID"" : ""SNOMED"",
							""CONCEPT_CLASS_ID"" : ""Clinical Finding""
						},
						""isExcluded"" : false,
						""includeDescendants"" : true,
						""includeMapped"" : false
					},
					{
						""concept"" : {
							""CONCEPT_ID"" : 4145721,
							""CONCEPT_NAME"" : ""Acute non-Q wave infarction"",
							""STANDARD_CONCEPT"" : ""S"",
							""STANDARD_CONCEPT_CAPTION"" : ""Standard"",
							""INVALID_REASON"" : ""V"",
							""INVALID_REASON_CAPTION"" : ""Valid"",
							""CONCEPT_CODE"" : ""307140009"",
							""DOMAIN_ID"" : ""Condition"",
							""VOCABULARY_ID"" : ""SNOMED"",
							""CONCEPT_CLASS_ID"" : ""Clinical Finding""
						},
						""isExcluded"" : false,
						""includeDescendants"" : true,
						""includeMapped"" : false
					},
					{
						""concept"" : {
							""CONCEPT_ID"" : 36712982,
							""CONCEPT_NAME"" : ""Unstable angina co-occurrent and due to coronary arteriosclerosis"",
							""STANDARD_CONCEPT"" : ""S"",
							""STANDARD_CONCEPT_CAPTION"" : ""Standard"",
							""INVALID_REASON"" : ""V"",
							""INVALID_REASON_CAPTION"" : ""Valid"",
							""CONCEPT_CODE"" : ""15960061000119102"",
							""DOMAIN_ID"" : ""Condition"",
							""VOCABULARY_ID"" : ""SNOMED"",
							""CONCEPT_CLASS_ID"" : ""Clinical Finding""
						},
						""isExcluded"" : false,
						""includeDescendants"" : true,
						""includeMapped"" : false
					}
				]
			}
		}
	],
	""QualifiedLimit"" : {
		""Type"" : ""First""
	},
	""ExpressionLimit"" : {
		""Type"" : ""First""
	},
	""InclusionRules"" : [
		{
			""name"" : ""0 of non-stemi on index date"",
			""expression"" : {
				""Type"" : ""ALL"",
				""CriteriaList"" : [
					{
						""Criteria"" : {
							""ConditionOccurrence"" : {
								""CodesetId"" : 50
							}
						},
						""StartWindow"" : {
							""Start"" : {
								""Days"" : 0,
								""Coeff"" : -1
							},
							""End"" : {
								""Days"" : 0,
								""Coeff"" : 1
							},
							""UseIndexEnd"" : false,
							""UseEventEnd"" : false
						},
						""RestrictVisit"" : false,
						""IgnoreObservationPeriod"" : false,
						""Occurrence"" : {
							""Type"" : 0,
							""Count"" : 0,
							""IsDistinct"" : false
						}
					}
				],
				""DemographicCriteriaList"" : [],
				""Groups"" : []
			}
		},
		{
			""name"" : ""age  18 yo"",
			""expression"" : {
				""Type"" : ""ALL"",
				""CriteriaList"" : [],
				""DemographicCriteriaList"" : [
					{
						""Age"" : {
							""Value"" : 18,
							""Op"" : ""gte""
						}
					}
				],
				""Groups"" : []
			}
		},
		{
			""name"" : ""inpatient visit day 0 "",
			""expression"" : {
				""Type"" : ""ALL"",
				""CriteriaList"" : [
					{
						""Criteria"" : {
							""VisitOccurrence"" : {
								""CodesetId"" : 47,
								""VisitTypeExclude"" : false
							}
						},
						""StartWindow"" : {
							""Start"" : {
								""Days"" : 0,
								""Coeff"" : -1
							},
							""End"" : {
								""Days"" : 0,
								""Coeff"" : 1
							},
							""UseIndexEnd"" : false,
							""UseEventEnd"" : false
						},
						""RestrictVisit"" : false,
						""IgnoreObservationPeriod"" : false,
						""Occurrence"" : {
							""Type"" : 2,
							""Count"" : 1,
							""IsDistinct"" : false
						}
					}
				],
				""DemographicCriteriaList"" : [],
				""Groups"" : []
			}
		},
		{
			""name"" : ""echocardio day 0-3"",
			""expression"" : {
				""Type"" : ""ANY"",
				""CriteriaList"" : [
					{
						""Criteria"" : {
							""ProcedureOccurrence"" : {
								""CodesetId"" : 48,
								""ProcedureTypeExclude"" : false
							}
						},
						""StartWindow"" : {
							""Start"" : {
								""Days"" : 0,
								""Coeff"" : -1
							},
							""End"" : {
								""Days"" : 3,
								""Coeff"" : 1
							},
							""UseIndexEnd"" : false,
							""UseEventEnd"" : false
						},
						""RestrictVisit"" : false,
						""IgnoreObservationPeriod"" : false,
						""Occurrence"" : {
							""Type"" : 2,
							""Count"" : 1,
							""IsDistinct"" : false
						}
					},
					{
						""Criteria"" : {
							""Observation"" : {
								""CodesetId"" : 48,
								""ObservationTypeExclude"" : false
							}
						},
						""StartWindow"" : {
							""Start"" : {
								""Days"" : 0,
								""Coeff"" : -1
							},
							""End"" : {
								""Days"" : 3,
								""Coeff"" : 1
							},
							""UseIndexEnd"" : false,
							""UseEventEnd"" : false
						},
						""RestrictVisit"" : false,
						""IgnoreObservationPeriod"" : false,
						""Occurrence"" : {
							""Type"" : 2,
							""Count"" : 1,
							""IsDistinct"" : false
						}
					},
					{
						""Criteria"" : {
							""ConditionOccurrence"" : {
								""CodesetId"" : 48
							}
						},
						""StartWindow"" : {
							""Start"" : {
								""Days"" : 0,
								""Coeff"" : -1
							},
							""End"" : {
								""Days"" : 3,
								""Coeff"" : 1
							},
							""UseIndexEnd"" : false,
							""UseEventEnd"" : false
						},
						""RestrictVisit"" : false,
						""IgnoreObservationPeriod"" : false,
						""Occurrence"" : {
							""Type"" : 2,
							""Count"" : 1,
							""IsDistinct"" : false
						}
					}
				],
				""DemographicCriteriaList"" : [],
				""Groups"" : []
			}
		},
		{
			""name"" : ""catherization +/- stent placement at day 0 "",
			""expression"" : {
				""Type"" : ""ANY"",
				""CriteriaList"" : [
					{
						""Criteria"" : {
							""ProcedureOccurrence"" : {
								""CodesetId"" : 46,
								""ProcedureTypeExclude"" : false
							}
						},
						""StartWindow"" : {
							""Start"" : {
								""Days"" : 0,
								""Coeff"" : -1
							},
							""End"" : {
								""Days"" : 0,
								""Coeff"" : 1
							},
							""UseIndexEnd"" : false,
							""UseEventEnd"" : false
						},
						""RestrictVisit"" : false,
						""IgnoreObservationPeriod"" : false,
						""Occurrence"" : {
							""Type"" : 2,
							""Count"" : 1,
							""IsDistinct"" : false
						}
					},
					{
						""Criteria"" : {
							""DeviceExposure"" : {
								""CodesetId"" : 46,
								""DeviceTypeExclude"" : false
							}
						},
						""StartWindow"" : {
							""Start"" : {
								""Days"" : 0,
								""Coeff"" : -1
							},
							""End"" : {
								""Days"" : 0,
								""Coeff"" : 1
							},
							""UseIndexEnd"" : false,
							""UseEventEnd"" : false
						},
						""RestrictVisit"" : false,
						""IgnoreObservationPeriod"" : false,
						""Occurrence"" : {
							""Type"" : 2,
							""Count"" : 1,
							""IsDistinct"" : false
						}
					}
				],
				""DemographicCriteriaList"" : [],
				""Groups"" : []
			}
		}
	],
	""CensoringCriteria"" : [],
	""CollapseSettings"" : {
		""CollapseType"" : ""ERA"",
		""EraPad"" : 0
	},
	""CensorWindow"" : {}
}",NA,TRUE
